system:index,all_daytime_UHI,.geo
0,-0.79163713463938,"{""type"":""MultiPoint"",""coordinates"":[]}"
1,-0.79163713463938,"{""type"":""MultiPoint"",""coordinates"":[]}"
2,-0.79163713463938,"{""type"":""MultiPoint"",""coordinates"":[]}"
3,-0.79163713463938,"{""type"":""MultiPoint"",""coordinates"":[]}"
4,-0.79163713463938,"{""type"":""MultiPoint"",""coordinates"":[]}"
5,-0.79163713463938,"{""type"":""MultiPoint"",""coordinates"":[]}"
6,-0.79163713463938,"{""type"":""MultiPoint"",""coordinates"":[]}"
7,-0.79163713463938,"{""type"":""MultiPoint"",""coordinates"":[]}"
8,-0.79163713463938,"{""type"":""MultiPoint"",""coordinates"":[]}"
9,-0.79163713463938,"{""type"":""MultiPoint"",""coordinates"":[]}"
10,-0.79163713463938,"{""type"":""MultiPoint"",""coordinates"":[]}"
11,-0.79163713463938,"{""type"":""MultiPoint"",""coordinates"":[]}"
12,-0.79163713463938,"{""type"":""MultiPoint"",""coordinates"":[]}"
13,-0.79163713463938,"{""type"":""MultiPoint"",""coordinates"":[]}"
14,-0.79163713463938,"{""type"":""MultiPoint"",""coordinates"":[]}"
15,-0.79163713463938,"{""type"":""MultiPoint"",""coordinates"":[]}"
16,-0.79163713463938,"{""type"":""MultiPoint"",""coordinates"":[]}"
17,-0.79163713463938,"{""type"":""MultiPoint"",""coordinates"":[]}"
18,-0.79163713463938,"{""type"":""MultiPoint"",""coordinates"":[]}"
19,-0.79163713463938,"{""type"":""MultiPoint"",""coordinates"":[]}"
20,-0.79163713463938,"{""type"":""MultiPoint"",""coordinates"":[]}"
21,-0.79163713463938,"{""type"":""MultiPoint"",""coordinates"":[]}"
22,-0.79163713463938,"{""type"":""MultiPoint"",""coordinates"":[]}"
23,-0.79163713463938,"{""type"":""MultiPoint"",""coordinates"":[]}"
24,-0.79163713463938,"{""type"":""MultiPoint"",""coordinates"":[]}"
25,-0.79163713463938,"{""type"":""MultiPoint"",""coordinates"":[]}"
26,-0.79163713463938,"{""type"":""MultiPoint"",""coordinates"":[]}"
27,-0.79163713463938,"{""type"":""MultiPoint"",""coordinates"":[]}"
28,-0.79163713463938,"{""type"":""MultiPoint"",""coordinates"":[]}"
29,-0.79163713463938,"{""type"":""MultiPoint"",""coordinates"":[]}"
30,-0.79163713463938,"{""type"":""MultiPoint"",""coordinates"":[]}"
31,-0.79163713463938,"{""type"":""MultiPoint"",""coordinates"":[]}"
32,-0.79163713463938,"{""type"":""MultiPoint"",""coordinates"":[]}"
33,-0.79163713463938,"{""type"":""MultiPoint"",""coordinates"":[]}"
34,-0.79163713463938,"{""type"":""MultiPoint"",""coordinates"":[]}"
35,-0.79163713463938,"{""type"":""MultiPoint"",""coordinates"":[]}"
36,-0.79163713463938,"{""type"":""MultiPoint"",""coordinates"":[]}"
37,-0.79163713463938,"{""type"":""MultiPoint"",""coordinates"":[]}"
38,-0.79163713463938,"{""type"":""MultiPoint"",""coordinates"":[]}"
39,-0.79163713463938,"{""type"":""MultiPoint"",""coordinates"":[]}"
40,-0.79163713463938,"{""type"":""MultiPoint"",""coordinates"":[]}"
41,-0.79163713463938,"{""type"":""MultiPoint"",""coordinates"":[]}"
42,-0.79163713463938,"{""type"":""MultiPoint"",""coordinates"":[]}"
43,-0.79163713463938,"{""type"":""MultiPoint"",""coordinates"":[]}"
44,-0.79163713463938,"{""type"":""MultiPoint"",""coordinates"":[]}"
45,-0.79163713463938,"{""type"":""MultiPoint"",""coordinates"":[]}"
46,-0.79163713463938,"{""type"":""MultiPoint"",""coordinates"":[]}"
47,-0.79163713463938,"{""type"":""MultiPoint"",""coordinates"":[]}"
48,-0.79163713463938,"{""type"":""MultiPoint"",""coordinates"":[]}"
49,-0.79163713463938,"{""type"":""MultiPoint"",""coordinates"":[]}"
50,-0.79163713463938,"{""type"":""MultiPoint"",""coordinates"":[]}"
51,-0.79163713463938,"{""type"":""MultiPoint"",""coordinates"":[]}"
52,-0.79163713463938,"{""type"":""MultiPoint"",""coordinates"":[]}"
53,-0.79163713463938,"{""type"":""MultiPoint"",""coordinates"":[]}"
54,-0.79163713463938,"{""type"":""MultiPoint"",""coordinates"":[]}"
55,-0.79163713463938,"{""type"":""MultiPoint"",""coordinates"":[]}"
56,-0.79163713463938,"{""type"":""MultiPoint"",""coordinates"":[]}"
57,-0.79163713463938,"{""type"":""MultiPoint"",""coordinates"":[]}"
58,-0.79163713463938,"{""type"":""MultiPoint"",""coordinates"":[]}"
59,-0.79163713463938,"{""type"":""MultiPoint"",""coordinates"":[]}"
60,-0.79163713463938,"{""type"":""MultiPoint"",""coordinates"":[]}"
61,-0.79163713463938,"{""type"":""MultiPoint"",""coordinates"":[]}"
62,-0.79163713463938,"{""type"":""MultiPoint"",""coordinates"":[]}"
63,-0.79163713463938,"{""type"":""MultiPoint"",""coordinates"":[]}"
64,-0.79163713463938,"{""type"":""MultiPoint"",""coordinates"":[]}"
65,-0.79163713463938,"{""type"":""MultiPoint"",""coordinates"":[]}"
66,-0.79163713463938,"{""type"":""MultiPoint"",""coordinates"":[]}"
67,-0.79163713463938,"{""type"":""MultiPoint"",""coordinates"":[]}"
68,-0.79163713463938,"{""type"":""MultiPoint"",""coordinates"":[]}"
69,-0.79163713463938,"{""type"":""MultiPoint"",""coordinates"":[]}"
70,-0.79163713463938,"{""type"":""MultiPoint"",""coordinates"":[]}"
71,-0.79163713463938,"{""type"":""MultiPoint"",""coordinates"":[]}"
72,-0.79163713463938,"{""type"":""MultiPoint"",""coordinates"":[]}"
73,-0.79163713463938,"{""type"":""MultiPoint"",""coordinates"":[]}"
74,-0.79163713463938,"{""type"":""MultiPoint"",""coordinates"":[]}"
75,-0.79163713463938,"{""type"":""MultiPoint"",""coordinates"":[]}"
76,-0.79163713463938,"{""type"":""MultiPoint"",""coordinates"":[]}"
77,-0.79163713463938,"{""type"":""MultiPoint"",""coordinates"":[]}"
78,-0.79163713463938,"{""type"":""MultiPoint"",""coordinates"":[]}"
79,-0.79163713463938,"{""type"":""MultiPoint"",""coordinates"":[]}"
80,-0.79163713463938,"{""type"":""MultiPoint"",""coordinates"":[]}"
81,-0.79163713463938,"{""type"":""MultiPoint"",""coordinates"":[]}"
82,-0.79163713463938,"{""type"":""MultiPoint"",""coordinates"":[]}"
83,-0.79163713463938,"{""type"":""MultiPoint"",""coordinates"":[]}"
84,-0.79163713463938,"{""type"":""MultiPoint"",""coordinates"":[]}"
85,-0.79163713463938,"{""type"":""MultiPoint"",""coordinates"":[]}"
86,-0.79163713463938,"{""type"":""MultiPoint"",""coordinates"":[]}"
87,-0.79163713463938,"{""type"":""MultiPoint"",""coordinates"":[]}"
88,-0.79163713463938,"{""type"":""MultiPoint"",""coordinates"":[]}"
89,-0.79163713463938,"{""type"":""MultiPoint"",""coordinates"":[]}"
90,-0.79163713463938,"{""type"":""MultiPoint"",""coordinates"":[]}"
91,-0.79163713463938,"{""type"":""MultiPoint"",""coordinates"":[]}"
92,-0.79163713463938,"{""type"":""MultiPoint"",""coordinates"":[]}"
93,-0.79163713463938,"{""type"":""MultiPoint"",""coordinates"":[]}"
94,-0.79163713463938,"{""type"":""MultiPoint"",""coordinates"":[]}"
95,-0.79163713463938,"{""type"":""MultiPoint"",""coordinates"":[]}"
96,-0.79163713463938,"{""type"":""MultiPoint"",""coordinates"":[]}"
97,-0.79163713463938,"{""type"":""MultiPoint"",""coordinates"":[]}"
98,-0.79163713463938,"{""type"":""MultiPoint"",""coordinates"":[]}"
99,-0.79163713463938,"{""type"":""MultiPoint"",""coordinates"":[]}"
100,-0.79163713463938,"{""type"":""MultiPoint"",""coordinates"":[]}"
101,-0.79163713463938,"{""type"":""MultiPoint"",""coordinates"":[]}"
102,-0.79163713463938,"{""type"":""MultiPoint"",""coordinates"":[]}"
103,-0.79163713463938,"{""type"":""MultiPoint"",""coordinates"":[]}"
104,-0.79163713463938,"{""type"":""MultiPoint"",""coordinates"":[]}"
105,-0.79163713463938,"{""type"":""MultiPoint"",""coordinates"":[]}"
106,-0.79163713463938,"{""type"":""MultiPoint"",""coordinates"":[]}"
107,-0.79163713463938,"{""type"":""MultiPoint"",""coordinates"":[]}"
108,-0.79163713463938,"{""type"":""MultiPoint"",""coordinates"":[]}"
109,-0.79163713463938,"{""type"":""MultiPoint"",""coordinates"":[]}"
110,-0.79163713463938,"{""type"":""MultiPoint"",""coordinates"":[]}"
111,-0.79163713463938,"{""type"":""MultiPoint"",""coordinates"":[]}"
112,-0.79163713463938,"{""type"":""MultiPoint"",""coordinates"":[]}"
113,-0.79163713463938,"{""type"":""MultiPoint"",""coordinates"":[]}"
114,-0.79163713463938,"{""type"":""MultiPoint"",""coordinates"":[]}"
115,-0.79163713463938,"{""type"":""MultiPoint"",""coordinates"":[]}"
116,-0.79163713463938,"{""type"":""MultiPoint"",""coordinates"":[]}"
117,-0.79163713463938,"{""type"":""MultiPoint"",""coordinates"":[]}"
118,-0.79163713463938,"{""type"":""MultiPoint"",""coordinates"":[]}"
119,-0.79163713463938,"{""type"":""MultiPoint"",""coordinates"":[]}"
120,-0.79163713463938,"{""type"":""MultiPoint"",""coordinates"":[]}"
121,-0.79163713463938,"{""type"":""MultiPoint"",""coordinates"":[]}"
122,-0.79163713463938,"{""type"":""MultiPoint"",""coordinates"":[]}"
123,-0.79163713463938,"{""type"":""MultiPoint"",""coordinates"":[]}"
124,-0.79163713463938,"{""type"":""MultiPoint"",""coordinates"":[]}"
125,-0.79163713463938,"{""type"":""MultiPoint"",""coordinates"":[]}"
126,-0.79163713463938,"{""type"":""MultiPoint"",""coordinates"":[]}"
127,-0.79163713463938,"{""type"":""MultiPoint"",""coordinates"":[]}"
128,-0.79163713463938,"{""type"":""MultiPoint"",""coordinates"":[]}"
129,-0.79163713463938,"{""type"":""MultiPoint"",""coordinates"":[]}"
130,-0.79163713463938,"{""type"":""MultiPoint"",""coordinates"":[]}"
131,-0.79163713463938,"{""type"":""MultiPoint"",""coordinates"":[]}"
132,-0.79163713463938,"{""type"":""MultiPoint"",""coordinates"":[]}"
133,-0.79163713463938,"{""type"":""MultiPoint"",""coordinates"":[]}"
134,-0.79163713463938,"{""type"":""MultiPoint"",""coordinates"":[]}"
135,-0.79163713463938,"{""type"":""MultiPoint"",""coordinates"":[]}"
136,-0.79163713463938,"{""type"":""MultiPoint"",""coordinates"":[]}"
137,-0.79163713463938,"{""type"":""MultiPoint"",""coordinates"":[]}"
138,-0.79163713463938,"{""type"":""MultiPoint"",""coordinates"":[]}"
139,-0.79163713463938,"{""type"":""MultiPoint"",""coordinates"":[]}"
140,-0.79163713463938,"{""type"":""MultiPoint"",""coordinates"":[]}"
141,-0.79163713463938,"{""type"":""MultiPoint"",""coordinates"":[]}"
142,-0.79163713463938,"{""type"":""MultiPoint"",""coordinates"":[]}"
143,-0.79163713463938,"{""type"":""MultiPoint"",""coordinates"":[]}"
144,-0.79163713463938,"{""type"":""MultiPoint"",""coordinates"":[]}"
145,-0.79163713463938,"{""type"":""MultiPoint"",""coordinates"":[]}"
146,-0.79163713463938,"{""type"":""MultiPoint"",""coordinates"":[]}"
147,-0.79163713463938,"{""type"":""MultiPoint"",""coordinates"":[]}"
148,-0.79163713463938,"{""type"":""MultiPoint"",""coordinates"":[]}"
149,-0.79163713463938,"{""type"":""MultiPoint"",""coordinates"":[]}"
150,-0.79163713463938,"{""type"":""MultiPoint"",""coordinates"":[]}"
151,-0.79163713463938,"{""type"":""MultiPoint"",""coordinates"":[]}"
152,-0.79163713463938,"{""type"":""MultiPoint"",""coordinates"":[]}"
153,-0.79163713463938,"{""type"":""MultiPoint"",""coordinates"":[]}"
154,-0.79163713463938,"{""type"":""MultiPoint"",""coordinates"":[]}"
155,-0.79163713463938,"{""type"":""MultiPoint"",""coordinates"":[]}"
156,-0.79163713463938,"{""type"":""MultiPoint"",""coordinates"":[]}"
157,-0.79163713463938,"{""type"":""MultiPoint"",""coordinates"":[]}"
158,-0.79163713463938,"{""type"":""MultiPoint"",""coordinates"":[]}"
159,-0.79163713463938,"{""type"":""MultiPoint"",""coordinates"":[]}"
160,-0.79163713463938,"{""type"":""MultiPoint"",""coordinates"":[]}"
161,-0.79163713463938,"{""type"":""MultiPoint"",""coordinates"":[]}"
162,-0.79163713463938,"{""type"":""MultiPoint"",""coordinates"":[]}"
163,-0.79163713463938,"{""type"":""MultiPoint"",""coordinates"":[]}"
164,-0.79163713463938,"{""type"":""MultiPoint"",""coordinates"":[]}"
165,-0.79163713463938,"{""type"":""MultiPoint"",""coordinates"":[]}"
166,-0.79163713463938,"{""type"":""MultiPoint"",""coordinates"":[]}"
167,-0.79163713463938,"{""type"":""MultiPoint"",""coordinates"":[]}"
168,-0.79163713463938,"{""type"":""MultiPoint"",""coordinates"":[]}"
169,-0.79163713463938,"{""type"":""MultiPoint"",""coordinates"":[]}"
170,-0.79163713463938,"{""type"":""MultiPoint"",""coordinates"":[]}"
171,-0.79163713463938,"{""type"":""MultiPoint"",""coordinates"":[]}"
172,-0.79163713463938,"{""type"":""MultiPoint"",""coordinates"":[]}"
173,-0.79163713463938,"{""type"":""MultiPoint"",""coordinates"":[]}"
174,-0.79163713463938,"{""type"":""MultiPoint"",""coordinates"":[]}"
175,-0.79163713463938,"{""type"":""MultiPoint"",""coordinates"":[]}"
176,-0.79163713463938,"{""type"":""MultiPoint"",""coordinates"":[]}"
177,-0.79163713463938,"{""type"":""MultiPoint"",""coordinates"":[]}"
178,-0.79163713463938,"{""type"":""MultiPoint"",""coordinates"":[]}"
179,-0.79163713463938,"{""type"":""MultiPoint"",""coordinates"":[]}"
180,-0.79163713463938,"{""type"":""MultiPoint"",""coordinates"":[]}"
181,-0.79163713463938,"{""type"":""MultiPoint"",""coordinates"":[]}"
182,-0.79163713463938,"{""type"":""MultiPoint"",""coordinates"":[]}"
183,-0.79163713463938,"{""type"":""MultiPoint"",""coordinates"":[]}"
184,-0.79163713463938,"{""type"":""MultiPoint"",""coordinates"":[]}"
185,-0.79163713463938,"{""type"":""MultiPoint"",""coordinates"":[]}"
186,-0.79163713463938,"{""type"":""MultiPoint"",""coordinates"":[]}"
187,-0.79163713463938,"{""type"":""MultiPoint"",""coordinates"":[]}"
188,-0.79163713463938,"{""type"":""MultiPoint"",""coordinates"":[]}"
189,-0.79163713463938,"{""type"":""MultiPoint"",""coordinates"":[]}"
190,-0.79163713463938,"{""type"":""MultiPoint"",""coordinates"":[]}"
191,-0.79163713463938,"{""type"":""MultiPoint"",""coordinates"":[]}"
192,-0.79163713463938,"{""type"":""MultiPoint"",""coordinates"":[]}"
193,-0.79163713463938,"{""type"":""MultiPoint"",""coordinates"":[]}"
194,-0.79163713463938,"{""type"":""MultiPoint"",""coordinates"":[]}"
195,-0.79163713463938,"{""type"":""MultiPoint"",""coordinates"":[]}"
196,-0.79163713463938,"{""type"":""MultiPoint"",""coordinates"":[]}"
197,-0.79163713463938,"{""type"":""MultiPoint"",""coordinates"":[]}"
198,-0.79163713463938,"{""type"":""MultiPoint"",""coordinates"":[]}"
199,-0.79163713463938,"{""type"":""MultiPoint"",""coordinates"":[]}"
200,-0.79163713463938,"{""type"":""MultiPoint"",""coordinates"":[]}"
201,-0.79163713463938,"{""type"":""MultiPoint"",""coordinates"":[]}"
202,-0.79163713463938,"{""type"":""MultiPoint"",""coordinates"":[]}"
203,-0.79163713463938,"{""type"":""MultiPoint"",""coordinates"":[]}"
204,-0.79163713463938,"{""type"":""MultiPoint"",""coordinates"":[]}"
205,-0.79163713463938,"{""type"":""MultiPoint"",""coordinates"":[]}"
206,-0.79163713463938,"{""type"":""MultiPoint"",""coordinates"":[]}"
207,-0.79163713463938,"{""type"":""MultiPoint"",""coordinates"":[]}"
208,-0.79163713463938,"{""type"":""MultiPoint"",""coordinates"":[]}"
209,-0.79163713463938,"{""type"":""MultiPoint"",""coordinates"":[]}"
210,-0.79163713463938,"{""type"":""MultiPoint"",""coordinates"":[]}"
211,-0.79163713463938,"{""type"":""MultiPoint"",""coordinates"":[]}"
212,-0.79163713463938,"{""type"":""MultiPoint"",""coordinates"":[]}"
213,-0.79163713463938,"{""type"":""MultiPoint"",""coordinates"":[]}"
214,-0.79163713463938,"{""type"":""MultiPoint"",""coordinates"":[]}"
215,-0.79163713463938,"{""type"":""MultiPoint"",""coordinates"":[]}"
216,-0.79163713463938,"{""type"":""MultiPoint"",""coordinates"":[]}"
217,-0.79163713463938,"{""type"":""MultiPoint"",""coordinates"":[]}"
218,-0.79163713463938,"{""type"":""MultiPoint"",""coordinates"":[]}"
219,-0.79163713463938,"{""type"":""MultiPoint"",""coordinates"":[]}"
220,-0.79163713463938,"{""type"":""MultiPoint"",""coordinates"":[]}"
221,-0.79163713463938,"{""type"":""MultiPoint"",""coordinates"":[]}"
222,-0.79163713463938,"{""type"":""MultiPoint"",""coordinates"":[]}"
223,-0.79163713463938,"{""type"":""MultiPoint"",""coordinates"":[]}"
224,-0.79163713463938,"{""type"":""MultiPoint"",""coordinates"":[]}"
225,-0.79163713463938,"{""type"":""MultiPoint"",""coordinates"":[]}"
226,-0.79163713463938,"{""type"":""MultiPoint"",""coordinates"":[]}"
227,-0.79163713463938,"{""type"":""MultiPoint"",""coordinates"":[]}"
228,-0.79163713463938,"{""type"":""MultiPoint"",""coordinates"":[]}"
229,-0.79163713463938,"{""type"":""MultiPoint"",""coordinates"":[]}"
230,-0.79163713463938,"{""type"":""MultiPoint"",""coordinates"":[]}"
231,-0.79163713463938,"{""type"":""MultiPoint"",""coordinates"":[]}"
232,-0.79163713463938,"{""type"":""MultiPoint"",""coordinates"":[]}"
233,-0.79163713463938,"{""type"":""MultiPoint"",""coordinates"":[]}"
234,-0.79163713463938,"{""type"":""MultiPoint"",""coordinates"":[]}"
235,-0.79163713463938,"{""type"":""MultiPoint"",""coordinates"":[]}"
236,-0.79163713463938,"{""type"":""MultiPoint"",""coordinates"":[]}"
237,-0.79163713463938,"{""type"":""MultiPoint"",""coordinates"":[]}"
238,-0.79163713463938,"{""type"":""MultiPoint"",""coordinates"":[]}"
239,-0.79163713463938,"{""type"":""MultiPoint"",""coordinates"":[]}"
240,-0.79163713463938,"{""type"":""MultiPoint"",""coordinates"":[]}"
241,-0.79163713463938,"{""type"":""MultiPoint"",""coordinates"":[]}"
242,-0.79163713463938,"{""type"":""MultiPoint"",""coordinates"":[]}"
243,-0.79163713463938,"{""type"":""MultiPoint"",""coordinates"":[]}"
244,-0.79163713463938,"{""type"":""MultiPoint"",""coordinates"":[]}"
245,-0.79163713463938,"{""type"":""MultiPoint"",""coordinates"":[]}"
246,-0.79163713463938,"{""type"":""MultiPoint"",""coordinates"":[]}"
247,-0.79163713463938,"{""type"":""MultiPoint"",""coordinates"":[]}"
248,-0.79163713463938,"{""type"":""MultiPoint"",""coordinates"":[]}"
249,-0.79163713463938,"{""type"":""MultiPoint"",""coordinates"":[]}"
250,-0.79163713463938,"{""type"":""MultiPoint"",""coordinates"":[]}"
251,-0.79163713463938,"{""type"":""MultiPoint"",""coordinates"":[]}"
252,-0.79163713463938,"{""type"":""MultiPoint"",""coordinates"":[]}"
253,-0.79163713463938,"{""type"":""MultiPoint"",""coordinates"":[]}"
254,-0.79163713463938,"{""type"":""MultiPoint"",""coordinates"":[]}"
255,-0.79163713463938,"{""type"":""MultiPoint"",""coordinates"":[]}"
256,-0.79163713463938,"{""type"":""MultiPoint"",""coordinates"":[]}"
257,-0.79163713463938,"{""type"":""MultiPoint"",""coordinates"":[]}"
258,-0.79163713463938,"{""type"":""MultiPoint"",""coordinates"":[]}"
259,-0.79163713463938,"{""type"":""MultiPoint"",""coordinates"":[]}"
260,-0.79163713463938,"{""type"":""MultiPoint"",""coordinates"":[]}"
261,-0.79163713463938,"{""type"":""MultiPoint"",""coordinates"":[]}"
262,-0.79163713463938,"{""type"":""MultiPoint"",""coordinates"":[]}"
263,-0.79163713463938,"{""type"":""MultiPoint"",""coordinates"":[]}"
264,-0.79163713463938,"{""type"":""MultiPoint"",""coordinates"":[]}"
265,-0.79163713463938,"{""type"":""MultiPoint"",""coordinates"":[]}"
266,-0.79163713463938,"{""type"":""MultiPoint"",""coordinates"":[]}"
267,-0.79163713463938,"{""type"":""MultiPoint"",""coordinates"":[]}"
268,-0.79163713463938,"{""type"":""MultiPoint"",""coordinates"":[]}"
269,-0.79163713463938,"{""type"":""MultiPoint"",""coordinates"":[]}"
270,-0.79163713463938,"{""type"":""MultiPoint"",""coordinates"":[]}"
271,-0.79163713463938,"{""type"":""MultiPoint"",""coordinates"":[]}"
272,-0.79163713463938,"{""type"":""MultiPoint"",""coordinates"":[]}"
273,-0.79163713463938,"{""type"":""MultiPoint"",""coordinates"":[]}"
274,-0.79163713463938,"{""type"":""MultiPoint"",""coordinates"":[]}"
275,-0.79163713463938,"{""type"":""MultiPoint"",""coordinates"":[]}"
276,-0.79163713463938,"{""type"":""MultiPoint"",""coordinates"":[]}"
277,-0.79163713463938,"{""type"":""MultiPoint"",""coordinates"":[]}"
278,-0.79163713463938,"{""type"":""MultiPoint"",""coordinates"":[]}"
279,-0.79163713463938,"{""type"":""MultiPoint"",""coordinates"":[]}"
280,-0.79163713463938,"{""type"":""MultiPoint"",""coordinates"":[]}"
281,-0.79163713463938,"{""type"":""MultiPoint"",""coordinates"":[]}"
282,-0.79163713463938,"{""type"":""MultiPoint"",""coordinates"":[]}"
283,-0.79163713463938,"{""type"":""MultiPoint"",""coordinates"":[]}"
284,-0.79163713463938,"{""type"":""MultiPoint"",""coordinates"":[]}"
285,-0.79163713463938,"{""type"":""MultiPoint"",""coordinates"":[]}"
286,-0.79163713463938,"{""type"":""MultiPoint"",""coordinates"":[]}"
287,-0.79163713463938,"{""type"":""MultiPoint"",""coordinates"":[]}"
288,-0.79163713463938,"{""type"":""MultiPoint"",""coordinates"":[]}"
289,-0.79163713463938,"{""type"":""MultiPoint"",""coordinates"":[]}"
290,-0.79163713463938,"{""type"":""MultiPoint"",""coordinates"":[]}"
291,-0.79163713463938,"{""type"":""MultiPoint"",""coordinates"":[]}"
292,-0.79163713463938,"{""type"":""MultiPoint"",""coordinates"":[]}"
293,-0.79163713463938,"{""type"":""MultiPoint"",""coordinates"":[]}"
294,-0.79163713463938,"{""type"":""MultiPoint"",""coordinates"":[]}"
295,-0.79163713463938,"{""type"":""MultiPoint"",""coordinates"":[]}"
296,-0.79163713463938,"{""type"":""MultiPoint"",""coordinates"":[]}"
297,-0.79163713463938,"{""type"":""MultiPoint"",""coordinates"":[]}"
298,-0.79163713463938,"{""type"":""MultiPoint"",""coordinates"":[]}"
299,-0.79163713463938,"{""type"":""MultiPoint"",""coordinates"":[]}"
300,-0.79163713463938,"{""type"":""MultiPoint"",""coordinates"":[]}"
301,-0.79163713463938,"{""type"":""MultiPoint"",""coordinates"":[]}"
302,-0.79163713463938,"{""type"":""MultiPoint"",""coordinates"":[]}"
303,-0.79163713463938,"{""type"":""MultiPoint"",""coordinates"":[]}"
304,-0.79163713463938,"{""type"":""MultiPoint"",""coordinates"":[]}"
305,-0.79163713463938,"{""type"":""MultiPoint"",""coordinates"":[]}"
306,-0.79163713463938,"{""type"":""MultiPoint"",""coordinates"":[]}"
307,-0.79163713463938,"{""type"":""MultiPoint"",""coordinates"":[]}"
308,-0.79163713463938,"{""type"":""MultiPoint"",""coordinates"":[]}"
309,-0.79163713463938,"{""type"":""MultiPoint"",""coordinates"":[]}"
310,-0.79163713463938,"{""type"":""MultiPoint"",""coordinates"":[]}"
311,-0.79163713463938,"{""type"":""MultiPoint"",""coordinates"":[]}"
312,-0.79163713463938,"{""type"":""MultiPoint"",""coordinates"":[]}"
313,-0.79163713463938,"{""type"":""MultiPoint"",""coordinates"":[]}"
314,-0.79163713463938,"{""type"":""MultiPoint"",""coordinates"":[]}"
315,-0.79163713463938,"{""type"":""MultiPoint"",""coordinates"":[]}"
316,-0.79163713463938,"{""type"":""MultiPoint"",""coordinates"":[]}"
317,-0.79163713463938,"{""type"":""MultiPoint"",""coordinates"":[]}"
318,-0.79163713463938,"{""type"":""MultiPoint"",""coordinates"":[]}"
319,-0.79163713463938,"{""type"":""MultiPoint"",""coordinates"":[]}"
320,-0.79163713463938,"{""type"":""MultiPoint"",""coordinates"":[]}"
321,-0.79163713463938,"{""type"":""MultiPoint"",""coordinates"":[]}"
322,-0.79163713463938,"{""type"":""MultiPoint"",""coordinates"":[]}"
323,-0.79163713463938,"{""type"":""MultiPoint"",""coordinates"":[]}"
324,-0.79163713463938,"{""type"":""MultiPoint"",""coordinates"":[]}"
325,-0.79163713463938,"{""type"":""MultiPoint"",""coordinates"":[]}"
326,-0.79163713463938,"{""type"":""MultiPoint"",""coordinates"":[]}"
327,-0.79163713463938,"{""type"":""MultiPoint"",""coordinates"":[]}"
328,-0.79163713463938,"{""type"":""MultiPoint"",""coordinates"":[]}"
329,-0.79163713463938,"{""type"":""MultiPoint"",""coordinates"":[]}"
330,-0.79163713463938,"{""type"":""MultiPoint"",""coordinates"":[]}"
331,-0.79163713463938,"{""type"":""MultiPoint"",""coordinates"":[]}"
332,-0.79163713463938,"{""type"":""MultiPoint"",""coordinates"":[]}"
333,-0.79163713463938,"{""type"":""MultiPoint"",""coordinates"":[]}"
334,-0.79163713463938,"{""type"":""MultiPoint"",""coordinates"":[]}"
335,-0.79163713463938,"{""type"":""MultiPoint"",""coordinates"":[]}"
336,-0.79163713463938,"{""type"":""MultiPoint"",""coordinates"":[]}"
337,-0.79163713463938,"{""type"":""MultiPoint"",""coordinates"":[]}"
338,-0.79163713463938,"{""type"":""MultiPoint"",""coordinates"":[]}"
339,-0.79163713463938,"{""type"":""MultiPoint"",""coordinates"":[]}"
340,-0.79163713463938,"{""type"":""MultiPoint"",""coordinates"":[]}"
341,-0.79163713463938,"{""type"":""MultiPoint"",""coordinates"":[]}"
342,-0.79163713463938,"{""type"":""MultiPoint"",""coordinates"":[]}"
343,-0.79163713463938,"{""type"":""MultiPoint"",""coordinates"":[]}"
344,-0.79163713463938,"{""type"":""MultiPoint"",""coordinates"":[]}"
345,-0.79163713463938,"{""type"":""MultiPoint"",""coordinates"":[]}"
346,-0.79163713463938,"{""type"":""MultiPoint"",""coordinates"":[]}"
347,-0.79163713463938,"{""type"":""MultiPoint"",""coordinates"":[]}"
348,-0.79163713463938,"{""type"":""MultiPoint"",""coordinates"":[]}"
349,-0.79163713463938,"{""type"":""MultiPoint"",""coordinates"":[]}"
350,-0.79163713463938,"{""type"":""MultiPoint"",""coordinates"":[]}"
351,-0.79163713463938,"{""type"":""MultiPoint"",""coordinates"":[]}"
352,-0.79163713463938,"{""type"":""MultiPoint"",""coordinates"":[]}"
353,-0.79163713463938,"{""type"":""MultiPoint"",""coordinates"":[]}"
354,-0.79163713463938,"{""type"":""MultiPoint"",""coordinates"":[]}"
355,-0.79163713463938,"{""type"":""MultiPoint"",""coordinates"":[]}"
356,-0.79163713463938,"{""type"":""MultiPoint"",""coordinates"":[]}"
357,-0.79163713463938,"{""type"":""MultiPoint"",""coordinates"":[]}"
358,-0.79163713463938,"{""type"":""MultiPoint"",""coordinates"":[]}"
359,-0.79163713463938,"{""type"":""MultiPoint"",""coordinates"":[]}"
360,-0.79163713463938,"{""type"":""MultiPoint"",""coordinates"":[]}"
361,-0.79163713463938,"{""type"":""MultiPoint"",""coordinates"":[]}"
362,-0.79163713463938,"{""type"":""MultiPoint"",""coordinates"":[]}"
363,-0.79163713463938,"{""type"":""MultiPoint"",""coordinates"":[]}"
364,-0.79163713463938,"{""type"":""MultiPoint"",""coordinates"":[]}"
365,-0.79163713463938,"{""type"":""MultiPoint"",""coordinates"":[]}"
366,-0.79163713463938,"{""type"":""MultiPoint"",""coordinates"":[]}"
367,-0.79163713463938,"{""type"":""MultiPoint"",""coordinates"":[]}"
368,-0.79163713463938,"{""type"":""MultiPoint"",""coordinates"":[]}"
369,-0.79163713463938,"{""type"":""MultiPoint"",""coordinates"":[]}"
370,-0.79163713463938,"{""type"":""MultiPoint"",""coordinates"":[]}"
